time_idx,timestamp,symbol,mid_price,spread,best_bid,best_ask,total_bid_volume,total_ask_volume,orderbook_imbalance,sentiment_score,target_price_5min
0,2026-10-08 07:39:00+00:00,MOCK,99.7,0.019999999999999997,99.69,99.71,1340.8947368421052,1369.7703349282297,-0.008444019138755981,0.0,96.82
1,2026-10-08 07:40:00+00:00,MOCK,99.18,0.02,99.17,99.19,1380.0802469135801,1357.967372134039,0.007397619047619047,0.02622857142857141,95.04
2,2026-10-08 07:41:00+00:00,MOCK,96.85,0.02,96.84,96.86,1370.393109540636,1376.5150176678446,-0.001698233215547703,-0.19154333333333334,95.03
3,2026-10-08 07:42:00+00:00,MOCK,94.89,0.02,94.88,94.9,1361.8157894736842,1375.9157894736843,-0.005342631578947369,-0.18938000000000002,94.56
4,2026-10-08 07:43:00+00:00,MOCK,95.96,0.02,95.95,95.97,1379.4322638146168,1382.6969696969697,-0.000641889483065954,-0.3742966666666667,94.37
5,2026-10-08 07:44:00+00:00,MOCK,96.82,0.02,96.81,96.83,1387.0733452593918,1374.6457960644007,0.004592128801431126,-0.13807333333333335,94.16
6,2026-10-08 07:45:00+00:00,MOCK,95.04,0.02,95.03,95.05,1363.4253996447603,1369.5781527531083,-0.002545559502664299,-0.13419333333333333,95.19
7,2026-10-08 07:46:00+00:00,MOCK,95.03,0.02,95.02,95.04,1368.3400881057269,1364.4837004405285,0.0009162114537444928,-0.25683333333333336,94.86
8,2026-10-08 07:47:00+00:00,MOCK,94.56,0.02,94.55,94.57,1361.6957671957673,1375.0643738977071,-0.00517037037037037,-0.17747000000000002,94.34
9,2026-10-08 07:48:00+00:00,MOCK,94.37,0.02,94.36,94.38,1369.6364436619717,1378.9867957746478,-0.004169982394366197,-0.19097666666666668,93.05
10,2026-10-08 07:49:00+00:00,MOCK,94.16,0.02,94.15,94.17,1371.9648197009674,1374.900615655233,-0.0014150395778364116,0.03418999999999998,90.76
11,2026-10-08 07:50:00+00:00,MOCK,95.19,0.02,95.18,95.2,1380.6698943661972,1362.431338028169,0.006703785211267605,-0.20898666666666668,88.97
12,2026-10-08 07:51:00+00:00,MOCK,94.86,0.02,94.85,94.87,1369.640597539543,1382.4780316344463,-0.004834885764499122,0.00911999999999998,89.32
13,2026-10-08 07:52:00+00:00,MOCK,94.34,0.02,94.33,94.35,1364.7410008779632,1358.980684811238,0.0016254609306409135,-0.30332413793103447,89.13
14,2026-10-08 07:53:00+00:00,MOCK,93.05,0.02,93.04,93.06,1378.5654082528533,1376.8876207199298,0.00030737489025460974,-0.04467333333333336,89.99
15,2026-10-08 07:54:00+00:00,MOCK,90.76,0.02,90.75,90.77,1368.0,1377.009649122807,-0.00312359649122807,-0.08620000000000003,91.54
16,2026-10-08 07:55:00+00:00,MOCK,88.97,0.02,88.96,88.98,1371.330701754386,1369.0359649122806,0.0008413157894736843,-0.3512866666666667,92.23
17,2026-10-08 07:56:00+00:00,MOCK,89.32,0.02,89.31,89.33,1378.5857519788917,1382.2225153913807,-0.0018094107299912046,-0.31921000000000005,92.53
18,2026-10-08 07:57:00+00:00,MOCK,89.13,0.02,89.12,89.14,1384.7159190853122,1391.8654353562006,-0.0010920844327176784,-0.22840000000000002,93.14
19,2026-10-08 07:58:00+00:00,MOCK,89.99,0.02,89.98,90.0,1382.806508355321,1363.4547053649956,0.007189445910290238,-0.18911333333333336,93.68
20,2026-10-08 07:59:00+00:00,MOCK,91.54,0.02,91.53,91.55,1391.0411558669002,1375.8152364273205,0.004677145359019264,-0.10464333333333337,95.29
21,2026-10-08 08:00:00+00:00,MOCK,92.23,0.02,92.22,92.24,1361.6663740122915,1375.532923617208,-0.004210359964881476,-0.06568333333333336,96.01
22,2026-10-08 08:01:00+00:00,MOCK,92.53,0.02,92.52,92.54,1372.1348511383537,1376.446584938704,-0.00117661996497373,-0.2111066666666667,96.72
23,2026-10-08 08:02:00+00:00,MOCK,93.14,0.02,93.13,93.15,1375.981546572935,1375.4745166959578,1.0896309314586721e-05,-0.10517666666666668,99.09
24,2026-10-08 08:03:00+00:00,MOCK,93.68,0.02,93.67,93.69,1381.2970123022847,1387.7021089630932,-0.0017908611599297014,-0.24232,99.0
25,2026-10-08 08:04:00+00:00,MOCK,95.29,0.02,95.28,95.3,1378.8268892794376,1377.9305799648507,0.0014690685413005268,-0.13203,98.01
26,2026-10-08 08:05:00+00:00,MOCK,96.01,0.02,96.0,96.02,1378.238596491228,1374.030701754386,0.0013371052631578945,-0.24145333333333335,97.58
27,2026-10-08 08:06:00+00:00,MOCK,96.72,0.02,96.71,96.73,1368.6933216168718,1384.139718804921,-0.005908699472759227,-0.07826333333333337,98.5
28,2026-10-08 08:07:00+00:00,MOCK,99.09,0.02,99.08,99.1,1382.9367311072056,1349.969244288225,0.012862302284710017,0.004953333333333313,98.66
29,2026-10-08 08:08:00+00:00,MOCK,99.0,0.02,98.99,99.01,1371.1339207048459,1383.8176211453745,-0.005647136563876652,-0.15516000000000002,98.91
30,2026-10-08 08:09:00+00:00,MOCK,98.01,0.02,98.0,98.02,1363.3482849604222,1377.4133685136323,-0.005658487247141601,-0.5481566666666667,99.18
31,2026-10-08 08:10:00+00:00,MOCK,97.58,0.02,97.57,97.59,1387.4268185801927,1369.2681858019282,0.006468448729184925,-0.3441966666666667,98.66
32,2026-10-08 08:11:00+00:00,MOCK,98.5,0.02,98.49,98.51,1359.2247585601406,1365.7831431079894,-0.0037094820017559266,-0.4931266666666667,99.3
33,2026-10-08 08:12:00+00:00,MOCK,98.66,0.02,98.65,98.67,1362.1324561403508,1374.4140350877192,-0.00582061403508772,-0.09458333333333337,101.58
34,2026-10-08 08:13:00+00:00,MOCK,98.91,0.02,98.9,98.92,1375.3,1401.2219298245614,-0.009363070175438597,-0.1975466666666667,102.0
35,2026-10-08 08:14:00+00:00,MOCK,99.18,0.02,99.17,99.19,1371.781195079086,1379.5404217926186,-0.003060105448154657,-0.14457000000000003,102.95
36,2026-10-08 08:15:00+00:00,MOCK,98.66,0.02,98.65,98.67,1388.3064091308165,1374.1633011413521,0.005907111501316944,-0.10163103448275865,102.3
37,2026-10-08 08:16:00+00:00,MOCK,99.3,0.02,99.29,99.31,1372.788596491228,1377.0315789473684,-0.0021713157894736844,-0.1813566666666667,103.03
38,2026-10-08 08:17:00+00:00,MOCK,101.58,0.02,101.57,101.59,1385.5606326889279,1373.1608084358525,0.0036557117750439373,-0.1959366666666667,103.22
39,2026-10-08 08:18:00+00:00,MOCK,102.0,0.02,101.99,102.01,1382.7827616534742,1369.9639401934917,0.004432365875109938,-0.19808333333333336,105.42
40,2026-10-08 08:19:00+00:00,MOCK,102.95,0.02,102.94,102.96,1373.5601404741,1376.4231782265144,-0.00039060579455662837,-0.27687333333333336,106.53
41,2026-10-08 08:20:00+00:00,MOCK,102.3,0.02,102.29,102.31,1384.9525483304042,1385.0158172231986,-0.00035527240773286517,-0.0030600000000000184,106.02
42,2026-10-08 08:21:00+00:00,MOCK,103.03,0.02,103.02,103.04,1375.3799472295514,1374.4925241864555,0.00013834652594546992,-0.18909333333333336,106.38
43,2026-10-08 08:22:00+00:00,MOCK,103.22,0.02,103.21,103.23,1374.9604569420035,1391.7144112478031,-0.007242091388400703,-0.16454000000000002,106.58
44,2026-10-08 08:23:00+00:00,MOCK,105.42,0.02,105.41,105.43,1385.8040421792618,1365.5123022847101,0.008227416520210896,-0.36465333333333333,106.85
45,2026-10-08 08:24:00+00:00,MOCK,106.53,0.02,106.52,106.54,1370.3640350877192,1387.5105263157895,-0.006126140350877192,-0.43437333333333333,107.34
46,2026-10-08 08:25:00+00:00,MOCK,106.02,0.02,106.01,106.03,1368.6933216168718,1373.0984182776801,-0.0022368189806678384,-0.29510000000000003,107.64
47,2026-10-08 08:26:00+00:00,MOCK,106.38,0.02,106.37,106.39,1381.9262510974538,1370.017559262511,0.00425496049165935,-0.39810000000000006,107.62
48,2026-10-08 08:27:00+00:00,MOCK,106.58,0.02,106.57,106.59,1394.9402460456943,1370.1133567662566,0.009348418277680142,-0.12364333333333336,107.24
49,2026-10-08 08:28:00+00:00,MOCK,106.85,0.02,106.84,106.86,1380.1654929577464,1378.3670774647887,0.0007058098591549298,-0.32368666666666673,106.46
50,2026-10-08 08:29:00+00:00,MOCK,107.34,0.02,107.33,107.35,1374.461741424802,1377.2867194371152,-0.0011959542656112578,-0.2711966666666667,107.26
51,2026-10-08 08:30:00+00:00,MOCK,107.64,0.02,107.63,107.65,1349.3945278022948,1370.5710503089144,-0.008624624889673435,-0.2585,107.25
52,2026-10-08 08:31:00+00:00,MOCK,107.62,0.02,107.61,107.63,1377.1253309796998,1375.1650485436894,0.0006127096204766108,-0.1455666666666667,108.88
53,2026-10-08 08:32:00+00:00,MOCK,107.24,0.02,107.23,107.25,1370.2522045855378,1387.4797178130511,-0.005941358024691357,0.1967633333333333,109.37
54,2026-10-08 08:33:00+00:00,MOCK,106.46,0.02,106.45,106.47,1376.257268722467,1374.6361233480177,0.0016837885462555066,-0.08596666666666669,109.41
